dimension,Claude,ChatGPT,Perplexity,Gemini,Copilot
Length/Depth,Very High (8K+ words),Medium-Low (Concise),Medium,Low-Medium,Very High (Detailed)
Primary Strength,Comprehensive narrative,Executive brevity,Regulatory expertise,Stakeholder coaching,Operational detail
Risk Count Identified,8 critical + 3 medium,5 critical,10 categorized,4 major domains,15 full RAID
Financial Specificity,High ($600K-$1.2M ranges),Medium,High (penalty amounts),Low,Medium (contingency %)
Compliance Focus,High,Medium,Very High,Low-Medium,High
Technical Depth,Medium,Low-Medium,Medium-High,Low,Very High
Interpersonal Guidance,Low,Low,Low,Very High,Low
Deliverable Orientation,Presentation/Report,Multiple formats offered,Committee blueprint,Inquiry framework,Templates/Checklists
Tone,Authoritative narrator,Strategic advisor,Research analyst,Executive coach,Technical architect
PM Background Treatment,Significant risk factor,Manageable concern,Capability gap,Domain translation need,Waterfall bias risk
Best Use Case,Board/Steering presentation,Quick executive brief,Compliance review,Change management,Project execution plan
Integration Ecosystem,Platform-agnostic,Format-flexible,Framework-referenced,Communication-focused,Microsoft-native